{
  "assetsByChunkName": {
    "component---src-pages-index-js": [
      "component---src-pages-index-js-7735f872c3ba371dcfa6.js",
      "component---src-pages-index-js-7735f872c3ba371dcfa6.js.map"
    ],
    "path---": [
      "path----557518bd178906f8d58a.js",
      "path----557518bd178906f8d58a.js.map"
    ],
    "component---src-layouts-index-js": [
      "component---src-layouts-index-js-1612b0b88e94963890d3.js",
      "component---src-layouts-index-js-1612b0b88e94963890d3.js.map"
    ],
    "path---index": [
      "path---index-a0e39f21c11f6a62c5ab.js",
      "path---index-a0e39f21c11f6a62c5ab.js.map"
    ],
    "component---src-pages-404-js": [
      "component---src-pages-404-js-bafe40c35a3beb6802f0.js",
      "component---src-pages-404-js-bafe40c35a3beb6802f0.js.map"
    ],
    "commons": [
      "commons-666776c93660385bc80e.js",
      "build-js-styles.css",
      "commons-666776c93660385bc80e.js.map",
      "build-js-styles.css.map"
    ],
    "path---404-html": [
      "path---404-html-a0e39f21c11f6a62c5ab.js",
      "path---404-html-a0e39f21c11f6a62c5ab.js.map"
    ],
    "app": [
      "app-0c29399a77c8a910e529.js",
      "build-js-styles.css",
      "app-0c29399a77c8a910e529.js.map",
      "build-js-styles.css.map"
    ],
    "path---404": [
      "path---404-a0e39f21c11f6a62c5ab.js",
      "path---404-a0e39f21c11f6a62c5ab.js.map"
    ]
  }
}